[{"id":"6c833153.c320d","type":"tab","label":"Home_Automation","disabled":true,"info":""},{"id":"31bfc3ae.00260c","type":"rpi-gpio out","z":"6c833153.c320d","name":"","pin":"16","set":true,"level":"0","freq":"","out":"out","x":1060,"y":180,"wires":[]},{"id":"4b442e73.5d43c","type":"rpi-gpio out","z":"6c833153.c320d","name":"","pin":"8","set":true,"level":"0","freq":"","out":"out","x":1040,"y":680,"wires":[]},{"id":"2715bff2.0e933","type":"debug","z":"6c833153.c320d","name":"Temperature","active":true,"tosidebar":true,"console":false,"tostatus":false,"complete":"payload","targetType":"msg","statusVal":"","statusType":"auto","x":970,"y":400,"wires":[]},{"id":"b28b3fb.a2e5dc","type":"inject","z":"6c833153.c320d","name":"","props":[{"p":"payload"},{"p":"topic","vt":"str"}],"repeat":"10","crontab":"","once":false,"onceDelay":0.1,"topic":"","payload":"","payloadType":"date","x":250,"y":380,"wires":[["59987756.562108"]]},{"id":"79db1aac.522654","type":"debug","z":"6c833153.c320d","name":"Humidity","active":true,"tosidebar":true,"console":false,"tostatus":false,"complete":"payload","targetType":"msg","statusVal":"","statusType":"auto","x":960,"y":440,"wires":[]},{"id":"e0a17924.c530a8","type":"function","z":"6c833153.c320d","name":"Humidity","func":"\nmsg.payload=msg.humidity;\nreturn msg;","outputs":1,"noerr":0,"initialize":"","finalize":"","libs":[],"x":700,"y":460,"wires":[["79db1aac.522654","c6f2c219.3b2c9","d1e0b176.7edfc"]]},{"id":"13eeab16.151985","type":"function","z":"6c833153.c320d","name":"Temperature","func":"\nreturn msg;","outputs":1,"noerr":0,"initialize":"","finalize":"","libs":[],"x":710,"y":360,"wires":[["2715bff2.0e933","f1fef3fa.90ac6","a19f9384.5d544"]]},{"id":"59987756.562108","type":"rpi-dht22","z":"6c833153.c320d","name":"DHT11-Sensor","topic":"rpi-dht11","dht":"11","pintype":"0","pin":4,"x":440,"y":380,"wires":[["13eeab16.151985","e0a17924.c530a8","93ff1e05.7d968","e2a3160b.bdd2a8"]]},{"id":"56587439.06c22c","type":"mqtt out","z":"6c833153.c320d","name":"","topic":"device1/DHT11","qos":"","retain":"","respTopic":"","contentType":"","userProps":"","correl":"","expiry":"","broker":"6ba10ad.19ec4f4","x":940,"y":260,"wires":[]},{"id":"c5cefd94.58231","type":"mqtt out","z":"6c833153.c320d","name":"","topic":"device1/DHT11","qos":"","retain":"","respTopic":"","contentType":"","userProps":"","correl":"","expiry":"","broker":"6ba10ad.19ec4f4","x":900,"y":540,"wires":[]},{"id":"f1fef3fa.90ac6","type":"function","z":"6c833153.c320d","name":"","func":"if (msg.payload>25){\n    msg.payload=1;\n}\nelse{\n    msg.payload=0;\n}\nreturn msg;","outputs":1,"noerr":0,"initialize":"","finalize":"","libs":[],"x":880,"y":160,"wires":[["31bfc3ae.00260c","fc689233.527fb"]]},{"id":"c6f2c219.3b2c9","type":"function","z":"6c833153.c320d","name":"","func":"if (msg.payload>25){\n    msg.payload=1;\n}\nelse{\n    msg.payload=0;\n}\nreturn msg;","outputs":1,"noerr":0,"initialize":"","finalize":"","libs":[],"x":760,"y":620,"wires":[["4b442e73.5d43c","29288bf1.0ddde4"]]},{"id":"d1e0b176.7edfc","type":"ui_gauge","z":"6c833153.c320d","name":"","group":"f79a5646.044a78","order":3,"width":0,"height":0,"gtype":"gage","title":"Humidity","label":"%","format":"{{value}}","min":0,"max":"100","colors":["#00b500","#e6e600","#ca3838"],"seg1":"","seg2":"","x":980,"y":500,"wires":[]},{"id":"a19f9384.5d544","type":"ui_gauge","z":"6c833153.c320d","name":"","group":"f79a5646.044a78","order":3,"width":0,"height":0,"gtype":"gage","title":"Temperture","label":"C","format":"{{value}}","min":0,"max":"100","colors":["#00b500","#e6e600","#ca3838"],"seg1":"","seg2":"","x":970,"y":360,"wires":[]},{"id":"29288bf1.0ddde4","type":"ui_gauge","z":"6c833153.c320d","name":"","group":"8eb96b5e.9517c8","order":3,"width":0,"height":0,"gtype":"donut","title":"LED","label":"","format":"","min":0,"max":"1","colors":["#00b500","#e6e600","#c83737"],"seg1":"","seg2":"","x":1050,"y":620,"wires":[]},{"id":"fc689233.527fb","type":"ui_gauge","z":"6c833153.c320d","name":"","group":"8eb96b5e.9517c8","order":3,"width":0,"height":0,"gtype":"donut","title":"Light_Bulb","label":"","format":"","min":0,"max":"1","colors":["#00b500","#e6e600","#ca3838"],"seg1":"","seg2":"","x":1070,"y":140,"wires":[]},{"id":"93ff1e05.7d968","type":"function","z":"6c833153.c320d","name":"Humidity","func":"\n\nBulb_Humid=\"The Humidity is Normal\";\n\nif (msg.payload>25){\n    Bulb_Humid=\"The Humidity is above 50 %\";\n}\nmsg.payload=\"\\nHumidity: \"+msg.humidity+\"\\nStatus :\"+Bulb_Humid;\nreturn msg;","outputs":1,"noerr":0,"initialize":"","finalize":"","libs":[],"x":580,"y":540,"wires":[["c5cefd94.58231"]]},{"id":"e2a3160b.bdd2a8","type":"function","z":"6c833153.c320d","name":"Temperature","func":"\nLED_Temp=\" The Temperature is normal\";\nif (msg.payload>25){\n    LED_Temp=\" The Temperature is above 25 C\";\n}\nmsg.payload=\"\\nTemperature: \"+msg.payload+\"\\nStatus :\"+LED_Temp;\nreturn msg;","outputs":1,"noerr":0,"initialize":"","finalize":"","libs":[],"x":670,"y":260,"wires":[["56587439.06c22c"]]},{"id":"6ba10ad.19ec4f4","type":"mqtt-broker","name":"Pi3-DHT11-Node","broker":"a1o6mg9dq0hyuh-ats.iot.us-east-1.amazonaws.com","port":"8883","tls":"138bd2c8.c76bfd","clientid":"","usetls":true,"protocolVersion":"4","keepalive":"60","cleansession":true,"birthTopic":"","birthQos":"0","birthPayload":"","birthMsg":{},"closeTopic":"","closeQos":"0","closePayload":"","closeMsg":{},"willTopic":"","willQos":"0","willPayload":"","willMsg":{},"sessionExpiry":""},{"id":"f79a5646.044a78","type":"ui_group","name":"DHT11","tab":"6ce903dc.9fedbc","order":1,"disp":true,"width":"6","collapse":false},{"id":"8eb96b5e.9517c8","type":"ui_group","name":"Indicators","tab":"6ce903dc.9fedbc","order":2,"disp":true,"width":"6","collapse":false},{"id":"138bd2c8.c76bfd","type":"tls-config","name":"AWS","cert":"/home/pi/AWSIoT/certificate.pem.crt","key":"/home/pi/AWSIoT/private.pem.key","ca":"/home/pi/AWSIoT/AmazonRootCA1.pem","certname":"","keyname":"","caname":"","servername":"","verifyservercert":true},{"id":"6ce903dc.9fedbc","type":"ui_tab","name":"Home_Automation","icon":"","disabled":false,"hidden":false}]